1,Gayler,Obbard,gobbard0@newsvine.com,11/14/1972
2,Evita,Vickars,evickars1@fc2.com,1/3/1962
3,Garrot,Aldhous,galdhous2@microsoft.com,5/12/2000
4,Lindsay,Shemelt,lshemelt3@lulu.com,2/27/1950
5,Denis,Ellul,dellul4@nhs.uk,7/21/1964
6,Gil,Kield,gkield5@amazon.co.uk,6/24/1936
7,Brent,Theobald,btheobald6@tiny.cc,2/12/1969
8,Rivalee,Garvan,rgarvan7@nasa.gov,3/22/1986
9,Jarrad,Brice,jbrice8@hubpages.com,3/12/1962
10,Normie,Stockow,nstockow9@clickbank.net,7/14/1941
11,Marley,Flacknell,mflacknella@qq.com,10/11/1967
12,Claudie,Alflat,calflatb@bigcartel.com,12/4/1969
13,Diarmid,Ion,dionc@fema.gov,6/27/1992
XX,Theodor,Waltering,twalteringd@reverbnation.com,1/31/1953
15,Sergent,Poff,spoffe@dailymotion.com,11/20/1990
16,Valentin,Dadge,vdadgef@chron.com,5/2/1982
17,Alix,Swettenham,aswettenhamg@virginia.edu,6/15/1992
18,Grier,Matusevich,gmatusevichh@people.com.cn,8/26/1983
19,Noel,Barge,nbargei@usa.gov,4/18/1964
20,Farley,Rupprecht,frupprechtj@sciencedirect.com,1/13/1951
21,Raina,Grayer,rgrayerk@jalbum.net,7/13/1949
22,Lydie,Coggings,lcoggingsl@skyrock.com,12/9/1955
23,Cinderella,Aupol,caupolm@dailymotion.com,3/17/1981
24,Abra,Cabrer,acabrern@cnbc.com,9/24/1997
25,Kristoforo,Wateridge,kwateridgeo@oracle.com,7/30/1972
26,Othello,Trunkfield,otrunkfieldp@engadget.com,1/10/1985
27,Brittney,McCaskell,bmccaskellq@wikispaces.com,10/9/1934
28,Barth,Yanukhin,byanukhinr@pinterest.com,3/23/1941
29,Reade,Mityushin,rmityushins@businesswire.com,12/23/1949
30,Margaretha,Lomaz,mlomazt@liveinternet.ru,4/28/1976
31,Israel,Mc Andrew,imcandrewu@latimes.com,1/25/1952
32,Oberon,Cuncarr,ocuncarrv@woothemes.com,2/25/1981
33,Sybil,Esparza,sesparzaw@ameblo.jp,12/29/1997
34,Prue,Sambidge,psambidgex@walmart.com,3/13/1936
35,Garnette,Comiskey,gcomiskeyy@opera.com,4/7/1995
36,Torin,Ollivierre,tollivierrez@sogou.com,5/7/1963
37,Cherri,Yanukhin,cyanukhin10@themeforest.net,9/27/1946
38,Daphne,Wallwork,dwallwork11@ebay.co.uk,3/20/1979
39,Kyla,Giggs,kgiggs12@google.co.jp,3/27/1940
40,Ian,Pavlovic,ipavlovic13@nba.com,1/4/1992
41,Daniel,Lease,dlease14@cpanel.net,4/21/1977
42,Karlyn,Gusticke,kgusticke15@so-net.ne.jp,5/20/1967
43,Haskell,Barff,hbarff16@berkeley.edu,7/14/1953
44,Skyler,Worland,sworland17@ycombinator.com,12/6/1993
45,Demott,Manginot,dmanginot18@edublogs.org,5/14/1990
46,Manny,Chalkly,mchalkly19@narod.ru,8/29/1944
47,Florentia,Becerra,fbecerra1a@comsenz.com,3/23/1963