1,Gayler,Obbard,gobbard0@newsvine.com,11/14/1972
2,Evita,Vickars,evickars1@fc2.com,1/3/1962
3,Garrot,Aldhous,galdhous2@microsoft.com,5/12/2000
4,Lindsay,Shemelt,lshemelt3@lulu.com,2/27/1950
5,Denis,Ellul,dellul4@nhs.uk,7/21/1964
6,Gil,Kield,gkield5@amazon.co.uk,6/24/1936
7,Brent,Theobald,btheobald6@tiny.cc,2/12/1969
8,Rivalee,Garvan,rgarvan7@nasa.gov,3/22/1986
9,Jarrad,Brice,jbrice8@hubpages.com,3/12/1962
10,Normie,Stockow,nstockow9@clickbank.net,7/14/1941
11,Marley,Flacknell,mflacknella@qq.com,10/11/1962
12,Claudie,Alflat,calflatb@bigcartel.com,12/4/1969
13,Diarmid,Ion,dionc@fema.gov,6/27/1992
14,Theodor,Waltering,twalteringd@reverbnation.com,1/31/1953
15,Sergent,Poff,spoffe@dailymotion.com,11/20/1990
16,Valentin,Dadge,vdadgef@chron.com,5/2/1982
17,Alix,Swettenham,aswettenhamg@virginia.edu,6/15/1992
18,Grier,Matusevich,gmatusevichh@people.com.cn,8/26/1983
19,Noel,Barge,nbargei@usa.gov,4/18/1964
20,Farley,Rupprecht,frupprechtj@sciencedirect.com,1/13/1951
21,Raina,Grayer,rgrayerk@jalbum.net,7/13/1949
22,Lydie,Coggings,lcoggingsl@skyrock.com,12/9/1955
23,Cinderella,Aupol,caupolm@dailymotion.com,3/17/1981
24,Abra,Cabrer,acabrern@cnbc.com,9/24/1997
25,Kristoforo,Wateridge,kwateridgeo@oracle.com,7/30/1972
26,Othello,Trunkfield,otrunkfieldp@engadget.com,1/10/1985
27,Brittney,McCaskell,bmccaskellq@wikispaces.com,10/9/1934
28,Barth,Yanukhin,byanukhinr@pinterest.com,3/23/1941
29,Reade,Mityushin,rmityushins@businesswire.com,12/23/1949
30,Margaretha,Lomaz,mlomazt@liveinternet.ru,4/28/1976
31,Israel,Mc Andrew,imcandrewu@latimes.com,1/25/1952
32,Oberon,Cuncarr,ocuncarrv@woothemes.com,2/25/1981
33,Sybil,Esparza,sesparzaw@ameblo.jp,12/29/1997
34,Prue,Sambidge,psambidgex@walmart.com,3/13/1936
35,Garnette,Comiskey,gcomiskeyy@opera.com,4/7/1995
36,Torin,Ollivierre,tollivierrez@sogou.com,5/7/1963
37,Cherri,Yanukhin,cyanukhin10@themeforest.net,9/27/1946
38,Daphne,Wallwork,dwallwork11@ebay.co.uk,3/20/1979
39,Kyla,Giggs,kgiggs12@google.co.jp,3/27/1940
40,Ian,Pavlovic,ipavlovic13@nba.com,1/4/1992
41,Daniel,Lease,dlease14@cpanel.net,4/21/1977
42,Karlyn,Gusticke,kgusticke15@so-net.ne.jp,5/20/1967
43,Haskell,Barff,hbarff16@berkeley.edu,7/14/1953
44,Skyler,Worland,sworland17@ycombinator.com,12/6/1993
45,Demott,Manginot,dmanginot18@edublogs.org,5/14/1990
46,Manny,Chalkly,mchalkly19@narod.ru,8/29/1944
47,Florentia,Becerra,fbecerra1a@comsenz.com,3/23/1963
48,Eward,Poundford,epoundford1b@fda.gov,4/15/1952
49,Hoyt,Castano,hcastano1c@mozilla.org,12/14/1980
50,Bonnie,Britian,bbritian1d@webs.com,2/6/1958
51,Rockey,Stuckes,rstuckes1e@tmall.com,2/15/1990
52,Imogen,Poulston,ipoulston1f@latimes.com,4/18/1985
53,Tomaso,Gething,tgething1g@flavors.me,10/29/1958
54,Angelico,Haselgrove,ahaselgrove1h@friendfeed.com,4/17/1938
55,Ham,Axtens,haxtens1i@miibeian.gov.cn,12/26/1948
56,Kristien,Bryde,kbryde1j@scribd.com,4/30/1998
57,Collette,Swalteridge,cswalteridge1k@flavors.me,3/7/1945
58,Shell,Schukert,sschukert1l@arizona.edu,11/1/1949
59,Eldredge,Gyurkovics,egyurkovics1m@macromedia.com,2/15/1997
60,Barbette,Adderson,badderson1n@twitpic.com,6/14/2000
61,Philis,Bram,pbram1o@unblog.fr,1/29/1975
62,Pace,Ing,ping1p@unesco.org,6/6/1991
63,Kinsley,McConnell,kmcconnell1q@yellowbook.com,1/26/1985
64,Siouxie,Elphey,selphey1r@loc.gov,7/7/1961
65,Lemar,Warbey,lwarbey1s@imageshack.us,2/12/1988
66,Sal,Tweedle,stweedle1t@census.gov,12/4/1978
67,Marla,Gritskov,mgritskov1u@mtv.com,3/3/1963
68,Perrine,Gummie,pgummie1v@google.cn,4/6/1986
69,Ada,Boxill,aboxill1w@cbc.ca,9/20/1990
70,Quinn,Kitchenham,qkitchenham1x@naver.com,10/17/1981
71,Brandais,Klimke,bklimke1y@nsw.gov.au,2/19/1996
72,Walton,Pales,wpales1z@cnn.com,1/17/1981
73,Hollis,Bowhey,hbowhey20@dagondesign.com,9/27/1974
74,Ottilie,Scotcher,oscotcher21@icq.com,2/22/1970
75,Dud,Broe,dbroe22@fc2.com,4/24/1983
76,Keenan,Batchelor,kbatchelor23@tinyurl.com,9/11/1959
77,Brennan,Seawell,bseawell24@dailymotion.com,8/7/1937
78,Jenine,Canto,jcanto25@ocn.ne.jp,10/31/1965
79,Harris,Heasley,hheasley26@psu.edu,7/7/1987
80,York,Bartod,ybartod27@typepad.com,7/13/1952
81,Ardys,Kineton,akineton28@paginegialle.it,4/26/1951
82,Washington,Stanyan,wstanyan29@google.it,1/8/1976
83,Jenni,Snuggs,jsnuggs2a@hubpages.com,12/2/1987
84,Laird,Boord,lboord2b@seesaa.net,8/29/1942
85,Steffi,Joire,sjoire2c@paginegialle.it,4/3/1957
86,Osgood,Minet,ominet2d@statcounter.com,7/26/1984
87,Essie,Kike,ekike2e@arstechnica.com,7/31/1986
88,Omar,Dibble,odibble2f@artisteer.com,6/12/1971
89,Donella,Worham,dworham2g@clickbank.net,9/15/1969
90,Humfried,Jackways,hjackways2h@addtoany.com,11/28/1982
91,Gav,Lindell,glindell2i@dailymail.co.uk,11/10/1948
92,Farica,Courage,fcourage2j@engadget.com,2/9/2000
93,Odo,Brisson,obrisson2k@samsung.com,3/17/1975
94,Sauncho,Sweet,ssweet2l@t.co,9/10/1988
95,Bonni,Beavors,bbeavors2m@163.com,11/9/1938
96,Jedidiah,Gidden,jgidden2n@quantcast.com,3/16/1953
97,Tristam,Getcliff,tgetcliff2o@cmu.edu,12/10/1956
98,Iago,Westmorland,iwestmorland2p@house.gov,4/27/1952
99,Robinia,Baudi,rbaudi2q@bloomberg.com,7/11/1955
100,Toddy,Gasken,tgasken2r@nps.gov,8/12/1940
101,Albie,Caseborne,acaseborne2s@ihg.com,3/1/1975
102,Harcourt,Tedridge,htedridge2t@webeden.co.uk,7/10/1950
103,Yasmin,Duer,yduer2u@un.org,5/17/1978
104,Lina,Pryce,lpryce2v@yale.edu,9/7/1942
105,Rodina,Mulder,rmulder2w@webeden.co.uk,12/1/1951
106,Kristofer,Rushbrooke,krushbrooke2x@tuttocitta.it,10/19/1991
107,Benedick,Melbert,bmelbert2y@google.ru,10/5/1935
108,Bell,Rosencrantz,brosencrantz2z@cpanel.net,8/21/1994
109,Lucine,Keunemann,lkeunemann30@stumbleupon.com,12/25/1979
110,Barbee,Seyffert,bseyffert31@sourceforge.net,4/20/1937
111,Finlay,Caveill,fcaveill32@timesonline.co.uk,11/11/1956
112,Nicki,Springtorpe,nspringtorpe33@si.edu,7/15/1963
113,Breanne,Reckus,breckus34@plala.or.jp,9/28/1952
114,Merilee,Maslin,mmaslin35@pagesperso-orange.fr,10/3/1990
115,Laetitia,Chazier,lchazier36@nifty.com,3/11/2000
116,Dion,Gelderd,dgelderd37@example.com,3/9/1992
117,Raffaello,MacMenemy,rmacmenemy38@networkadvertising.org,7/11/1972
118,Emmalyn,Nitto,enitto39@myspace.com,12/4/1980
119,Nananne,Dowty,ndowty3a@sciencedirect.com,9/9/1984
120,Morganne,Stenet,mstenet3b@ebay.com,12/22/1990
121,Shawn,Mardoll,smardoll3c@home.pl,12/25/1995
122,Julius,Pydcock,jpydcock3d@yahoo.com,5/25/1951
123,Georgena,Alfuso,galfuso3e@istockphoto.com,9/22/1980
124,Cazzie,Powland,cpowland3f@fda.gov,2/16/1982
125,Atalanta,Germain,agermain3g@storify.com,12/1/1988
126,Emilie,Sainter,esainter3h@miitbeian.gov.cn,2/18/1995
127,Anya,Alflat,aalflat3i@blogtalkradio.com,5/31/1994
128,Gayleen,Davydochkin,gdavydochkin3j@si.edu,4/26/1994
129,Shea,De Giovanni,sdegiovanni3k@vkontakte.ru,3/16/1965
130,Chrystal,Gooddie,cgooddie3l@ibm.com,4/20/1958
131,Serena,Leare,sleare3m@techcrunch.com,1/28/1959
132,Gasparo,Eburah,geburah3n@go.com,2/23/1984
133,Lombard,Buckle,lbuckle3o@google.nl,2/21/1955
134,Evita,Galilee,egalilee3p@ifeng.com,7/3/1956
135,Boris,Tallow,btallow3q@tiny.cc,6/9/1947
136,Glenn,Bisacre,gbisacre3r@unicef.org,5/27/1963
137,Nanni,Eva,neva3s@google.co.uk,2/12/1986
138,Nikolos,Chasteney,nchasteney3t@naver.com,11/13/1942
139,Alta,Matteuzzi,amatteuzzi3u@smh.com.au,2/5/1986
140,Hugibert,Spinola,hspinola3v@buzzfeed.com,9/10/1989
141,Truman,Pepperill,tpepperill3w@lycos.com,11/3/1989
142,Kary,Warke,kwarke3x@umich.edu,4/17/1981
143,Dollie,Vanetti,dvanetti3y@tripod.com,6/9/1983
144,Odey,Heales,oheales3z@moonfruit.com,8/8/1935
145,Hashim,Wile,hwile40@soup.io,4/20/1973
146,Porter,Janowicz,pjanowicz41@mail.ru,10/26/1965
147,Pauly,Jacobowicz,pjacobowicz42@stanford.edu,6/28/1997
148,Kylila,Gillibrand,kgillibrand43@oaic.gov.au,11/27/1954
149,Hally,Minkin,hminkin44@godaddy.com,10/3/1994
150,Nelie,Itscovitz,nitscovitz45@senate.gov,2/10/1945
151,Frederic,McWhirter,fmcwhirter46@theguardian.com,6/26/1987
152,Michaeline,Nickolls,mnickolls47@ibm.com,1/14/1949
153,Gusty,Dewey,gdewey48@wordpress.org,9/9/1945
154,Artemis,Tattershall,atattershall49@ihg.com,10/13/1966
155,Sherwynd,Thurby,sthurby4a@amazon.co.uk,3/21/1938
156,Gaynor,Yurshev,gyurshev4b@weibo.com,4/25/1995
157,Madelaine,McCrainor,mmccrainor4c@paginegialle.it,5/20/1969
158,Salaidh,Higgonet,shiggonet4d@smh.com.au,6/6/1946
159,Wilma,Cancellor,wcancellor4e@weibo.com,7/13/1947
160,Creigh,Goligly,cgoligly4f@illinois.edu,5/15/1944
161,Amandie,Gillcrist,agillcrist4g@arizona.edu,8/9/1996
162,Nessi,Fulun,nfulun4h@eventbrite.com,11/16/1946
163,Edythe,Miebes,emiebes4i@trellian.com,9/19/1977
164,Carmelia,Found,cfound4j@google.com.hk,5/14/1941
165,Edik,Emig,eemig4k@prnewswire.com,12/9/1986
166,Cloris,Foister,cfoister4l@multiply.com,1/15/1972
167,Kevan,Ropert,kropert4m@jigsy.com,7/19/1976
168,Deane,Bruno,dbruno4n@wunderground.com,7/12/1986
169,Taylor,Locksley,tlocksley4o@blogs.com,9/15/1965
170,Nanine,Turland,nturland4p@msn.com,7/3/1946
171,Collete,Backs,cbacks4q@alibaba.com,10/21/1951
172,Tildi,Alfonsini,talfonsini4r@nbcnews.com,12/14/1977
173,Job,Jerche,jjerche4s@flickr.com,5/9/1944
174,Claudelle,Coakley,ccoakley4t@boston.com,9/19/1964
175,Haven,Ezzy,hezzy4u@dell.com,9/20/1989
176,Dina,Avramovic,davramovic4v@springer.com,3/27/1983
177,Kin,Piburn,kpiburn4w@wsj.com,3/10/1977
178,Chaddy,Palister,cpalister4x@github.com,10/24/1936
179,Edd,Stainbridge,estainbridge4y@dmoz.org,2/23/1940
180,Emery,Quarrell,equarrell4z@istockphoto.com,3/19/1956
181,Danila,Mintoft,dmintoft50@marketwatch.com,9/6/1993
182,Alexandr,Rhodes,arhodes51@mayoclinic.com,5/19/1965
183,Kurtis,Wellard,kwellard52@prweb.com,7/2/1935
184,Farica,Marshman,fmarshman53@gravatar.com,3/11/1951
185,Anderson,Pasque,apasque54@simplemachines.org,4/7/1941
186,Cristine,Gunny,cgunny55@4shared.com,4/25/1984
187,Ossie,Boucher,oboucher56@japanpost.jp,2/7/1952
188,Jon,Tomkies,jtomkies57@bbc.co.uk,1/3/1975
189,Edouard,Joney,ejoney58@ebay.com,5/27/1987
190,Yves,Tedridge,ytedridge59@patch.com,9/28/1982
191,Waite,Howitt,whowitt5a@mysql.com,5/20/1945
192,Hector,Ziemke,hziemke5b@google.es,6/20/1934
193,Shir,Cardenas,scardenas5c@businessweek.com,7/25/1937
194,Berri,Stutte,bstutte5d@army.mil,1/26/1947
195,Pierce,Fairholme,pfairholme5e@xing.com,6/21/1956
196,Kenon,Trustram,ktrustram5f@huffingtonpost.com,8/29/1946
197,Timmy,Slyme,tslyme5g@springer.com,9/14/1977
198,Lamar,Covolini,lcovolini5h@rakuten.co.jp,4/18/1940
199,Orin,Piggen,opiggen5i@booking.com,3/26/1990
200,Korella,Sea,ksea5j@ucoz.ru,7/16/1937
201,Tatiania,Balm,tbalm5k@1688.com,6/26/1937
202,Leann,Ghidoni,lghidoni5l@buzzfeed.com,7/17/1957
203,Anton,Matthaus,amatthaus5m@360.cn,2/4/1940
204,Fredericka,Paschek,fpaschek5n@bing.com,12/4/1950
205,Dena,Ausher,dausher5o@soundcloud.com,4/17/1994
206,Charlean,Tindall,ctindall5p@ted.com,12/19/1937
207,Kerry,Willars,kwillars5q@uol.com.br,12/8/1987
208,Garland,Hooks,ghooks5r@wikipedia.org,4/23/1982
209,Luella,MacPhail,lmacphail5s@wiley.com,7/4/1978
210,Clem,Poleye,cpoleye5t@paginegialle.it,6/14/1992
211,Corny,Wudeland,cwudeland5u@ameblo.jp,7/2/1990
212,Adelind,Rubes,arubes5v@pagesperso-orange.fr,8/25/1957
213,Talia,Pillman,tpillman5w@netlog.com,12/12/1999
214,Melonie,Dopson,mdopson5x@4shared.com,11/15/1964
215,Vanessa,Parmeter,vparmeter5y@posterous.com,5/10/1988
216,Garrott,Janczak,gjanczak5z@umn.edu,5/14/1941
217,Corrianne,McEneny,cmceneny60@booking.com,12/27/1977
218,Eran,Crane,ecrane61@bandcamp.com,9/7/1961
219,York,Cornbell,ycornbell62@opensource.org,10/2/1958
220,Willdon,Himsworth,whimsworth63@jugem.jp,5/30/1979
221,Myron,Lendrem,mlendrem64@nature.com,4/27/1967
222,Agathe,Stempe,astempe65@sina.com.cn,6/13/1938
223,Borden,Schutt,bschutt66@dailymotion.com,7/9/1999
224,Hubey,Schieferstein,hschieferstein67@printfriendly.com,4/17/1973
225,Niels,Perche,nperche68@mlb.com,3/31/1979
226,Guillema,Wadworth,gwadworth69@ox.ac.uk,9/15/1985
227,Stavros,Pawlett,spawlett6a@google.co.uk,8/17/1949
228,Tana,Balderson,tbalderson6b@netvibes.com,11/19/1950
229,Hendrick,MacMeanma,hmacmeanma6c@accuweather.com,2/2/1990
230,Daren,Folshom,dfolshom6d@stumbleupon.com,5/27/1984
231,Audrey,Kneaphsey,akneaphsey6e@gravatar.com,11/4/1975
232,Cirilo,Pfeffer,cpfeffer6f@histats.com,3/5/1976
233,Patti,Edowes,pedowes6g@buzzfeed.com,4/17/1972
234,Everett,Pristnor,epristnor6h@mozilla.org,7/11/1949
235,Ferd,Soots,fsoots6i@wix.com,8/14/1967
236,Baxy,Steet,bsteet6j@imdb.com,11/24/2000
237,Adina,Hassewell,ahassewell6k@addthis.com,6/21/1969
238,Perri,Bolver,pbolver6l@arstechnica.com,11/25/1984
239,Morgana,Jadczak,mjadczak6m@npr.org,6/12/1981
240,Meta,Kingsworth,mkingsworth6n@stumbleupon.com,2/10/1974
241,Belia,Lawlan,blawlan6o@odnoklassniki.ru,8/6/1992
242,Juana,Knapp,jknapp6p@google.com.hk,2/15/1942
243,Xymenes,Leadston,xleadston6q@weather.com,11/2/1999
244,Carleen,Hallum,challum6r@chron.com,5/9/1946
245,Parke,Bodycomb,pbodycomb6s@jigsy.com,2/13/1987
246,Magdalene,Iacobetto,miacobetto6t@fda.gov,11/30/1999
247,Twyla,McKernan,tmckernan6u@comcast.net,9/24/1943
248,Tatum,Mirralls,tmirralls6v@washington.edu,4/26/1994
249,Henri,Skitterel,hskitterel6w@godaddy.com,5/19/1976
250,Leroy,Jeanin,ljeanin6x@springer.com,10/10/1947
251,Ysabel,Quayle,yquayle6y@timesonline.co.uk,12/3/1943
252,Lissi,Warhurst,lwarhurst6z@weibo.com,12/27/1961
253,Conrado,Stannett,cstannett70@instagram.com,5/26/1965
254,Wildon,Lodin,wlodin71@mapquest.com,12/3/1961
255,Wenonah,Lyon,wlyon72@twitpic.com,10/11/1971
256,Weston,Warby,wwarby73@gov.uk,4/24/1941
257,Berni,Schulken,bschulken74@google.de,4/27/1965
258,Melesa,Parrott,mparrott75@unicef.org,11/7/1934
259,Miles,Tapply,mtapply76@uiuc.edu,5/5/1936
260,Mollee,Simonazzi,msimonazzi77@storify.com,6/9/1981
261,Harli,Measen,hmeasen78@ftc.gov,12/29/1964
262,Ruthe,Hammell,rhammell79@addthis.com,5/23/1963
263,Lani,Lukins,llukins7a@jalbum.net,10/24/1937
264,Sibylla,Vergine,svergine7b@mashable.com,10/6/1949
265,Silvie,Masse,smasse7c@wordpress.org,11/10/1964
266,Dosi,Britian,dbritian7d@themeforest.net,10/29/1951
267,Lucille,Wittrington,lwittrington7e@eventbrite.com,2/3/1944
268,Sharona,Bickersteth,sbickersteth7f@tamu.edu,2/13/1984
269,Egan,Battey,ebattey7g@earthlink.net,6/4/1973
270,Mabelle,O'Lenechan,molenechan7h@xinhuanet.com,9/12/1952
271,Issy,Farreil,ifarreil7i@domainmarket.com,9/14/1947
272,Kenon,Poyzer,kpoyzer7j@statcounter.com,6/20/1953
273,Olivie,Knowling,oknowling7k@newyorker.com,8/19/1987
274,Marian,Taunton,mtaunton7l@networkadvertising.org,7/16/1997
275,Ryley,Leggon,rleggon7m@paginegialle.it,8/26/1982
276,Ewell,MacArthur,emacarthur7n@sogou.com,7/5/1953
277,Barr,Fere,bfere7o@usda.gov,12/9/1997
278,Tallulah,Lishman,tlishman7p@topsy.com,12/25/1982
279,Casey,Halt,chalt7q@mashable.com,1/23/1993
280,Rafaelia,Keely,rkeely7r@unicef.org,7/30/1957
281,Laney,Twidale,ltwidale7s@nydailynews.com,12/3/1951
282,Thia,Laverick,tlaverick7t@cdc.gov,11/30/1956
283,Yevette,Chastenet,ychastenet7u@admin.ch,4/29/1940
284,Mignonne,Caldecot,mcaldecot7v@jigsy.com,8/19/1980
285,Tasia,Shirtliff,tshirtliff7w@bbb.org,12/19/1936
286,Gwenneth,Speenden,gspeenden7x@nymag.com,1/30/1976
287,Harp,Soro,hsoro7y@newyorker.com,5/12/1963
288,Jed,Stenton,jstenton7z@is.gd,5/13/1992
289,Deny,Oddboy,doddboy80@newsvine.com,9/9/1974
290,Claudine,Maria,cmaria81@comcast.net,5/19/1949
291,Pansie,Mouatt,pmouatt82@wikispaces.com,9/6/1937
292,Garrek,Petroulis,gpetroulis83@i2i.jp,7/31/1971
293,Ceil,Friedank,cfriedank84@smugmug.com,5/26/1958
294,Emmaline,Haking,ehaking85@shinystat.com,3/15/2000
295,Gar,Harmstone,gharmstone86@cpanel.net,1/2/1978
296,Arly,Archambault,aarchambault87@sfgate.com,2/17/1994
297,Harley,Fatkin,hfatkin88@cisco.com,1/14/1936
298,Webster,Bedwell,wbedwell89@slideshare.net,1/31/1973
299,Nicolle,Lamble,nlamble8a@is.gd,7/13/1961
300,Amelina,Bransom,abransom8b@shinystat.com,9/16/2000
301,Chip,Wurz,cwurz8c@t.co,7/6/1969
302,Horatia,Okey,hokey8d@wikimedia.org,1/27/1942
303,Forester,Speechly,fspeechly8e@who.int,8/4/1969
304,Gilbertine,Abbatini,gabbatini8f@icq.com,2/6/1969
305,Jo ann,Lebell,jlebell8g@cocolog-nifty.com,2/5/1952
306,Gnni,Masse,gmasse8h@slashdot.org,9/23/1966
307,Cull,Demageard,cdemageard8i@answers.com,1/26/1994
308,Hermy,Chsteney,hchsteney8j@irs.gov,4/28/1990
309,Damara,Sima,dsima8k@fema.gov,7/6/1964
310,Kin,Cromar,kcromar8l@businessweek.com,9/23/1978
311,Reeba,Alten,ralten8m@ask.com,12/5/1999
312,Eadie,Pawson,epawson8n@irs.gov,2/4/1976
313,Maddie,MacAree,mmacaree8o@newsvine.com,4/19/1968
314,Aggi,Climo,aclimo8p@kickstarter.com,9/29/1988
315,Sammy,Foystone,sfoystone8q@themeforest.net,9/22/1995
316,Marika,Emslie,memslie8r@vinaora.com,4/27/1987
317,Neron,Blow,nblow8s@gnu.org,7/6/1985
318,Jeremy,Mazzilli,jmazzilli8t@elegantthemes.com,4/22/1942
319,Francene,Jepperson,fjepperson8u@liveinternet.ru,2/8/1958
320,Ned,Rennocks,nrennocks8v@linkedin.com,4/30/1994
321,Georgianna,Heare,gheare8w@spiegel.de,9/11/1979
322,Carline,Feaveryear,cfeaveryear8x@geocities.jp,5/31/1934
323,Cal,Burgis,cburgis8y@biglobe.ne.jp,3/31/1979
324,Pace,Guage,pguage8z@rediff.com,10/24/1984
325,Kermy,Pinkney,kpinkney90@exblog.jp,5/13/1985
326,Chariot,Westcot,cwestcot91@seesaa.net,11/7/1991
327,Wendel,Postians,wpostians92@smugmug.com,3/19/1963
328,Giusto,Dewitt,gdewitt93@mail.ru,4/2/1981
329,Bradford,McCrea,bmccrea94@youku.com,8/17/1957
330,Keelia,Norquay,knorquay95@hc360.com,4/29/1956
331,Rochette,Smith,rsmith96@blog.com,10/7/1939
332,Kordula,Dominguez,kdominguez97@theglobeandmail.com,8/9/1959
333,Shandy,Rising,srising98@fotki.com,12/1/1971
334,Garnette,Rostron,grostron99@qq.com,2/25/1962
335,Averill,MacDirmid,amacdirmid9a@stumbleupon.com,5/21/1994
336,Vincents,Yurenev,vyurenev9b@google.com.au,11/25/1989
337,Luella,Dwelley,ldwelley9c@fda.gov,5/9/1999
338,Iorgos,Berrey,iberrey9d@cnet.com,8/29/1977
339,Egon,Brittoner,ebrittoner9e@comcast.net,2/24/1961
340,Yoshiko,Rillstone,yrillstone9f@fastcompany.com,12/20/1996
341,Kareem,Bownd,kbownd9g@xinhuanet.com,5/22/1999
342,Natassia,Swindell,nswindell9h@accuweather.com,6/9/1990
343,Terrance,Babber,tbabber9i@newsvine.com,4/28/1965
344,Sayre,Wiltshire,swiltshire9j@tumblr.com,6/7/1949
345,Gwendolen,Comino,gcomino9k@about.me,12/22/1935
346,Werner,Manna,wmanna9l@vimeo.com,4/16/1949
347,Donetta,Bedells,dbedells9m@istockphoto.com,11/7/1981
348,Philipa,Benedick,pbenedick9n@pinterest.com,2/21/1957
349,Timmy,Krystof,tkrystof9o@arstechnica.com,5/15/1935
350,Jayson,Oswell,joswell9p@usgs.gov,1/1/1941
351,Adria,Garfit,agarfit9q@tmall.com,11/25/1959
352,Eleonora,Crowley,ecrowley9r@nymag.com,6/30/1973
353,Nicky,Vasyunichev,nvasyunichev9s@hud.gov,5/9/1936
354,Bevan,Dagwell,bdagwell9t@de.vu,11/11/1980
355,Niki,Castenda,ncastenda9u@answers.com,6/12/1999
356,Pepito,Peyton,ppeyton9v@europa.eu,4/5/1977
357,Sonya,Duggen,sduggen9w@blogtalkradio.com,6/9/1970
358,Alis,Franks,afranks9x@wp.com,3/17/1992
359,Heywood,Boud,hboud9y@drupal.org,10/21/1981
360,Cordie,Waith,cwaith9z@ehow.com,9/7/1935
361,Lillian,Orgen,lorgena0@trellian.com,4/26/1952
362,Kile,Molan,kmolana1@naver.com,10/8/1950
363,Angeli,Sawkins,asawkinsa2@devhub.com,7/12/1943
364,Monique,Quernel,mquernela3@nytimes.com,12/1/1965
365,Amata,Pidwell,apidwella4@businessinsider.com,6/13/1974
366,Ruby,Kesteven,rkestevena5@wsj.com,2/2/2001
367,Josefa,Shubotham,jshubothama6@clickbank.net,2/22/1952
368,Kermy,Sprowle,ksprowlea7@dell.com,7/29/1952
369,Lesli,Howsan,lhowsana8@altervista.org,1/28/1999
370,Ker,Jeens,kjeensa9@house.gov,12/20/1940
371,Anabella,Youle,ayouleaa@illinois.edu,12/21/1969
372,Donny,Pickett,dpickettab@freewebs.com,1/3/1957
373,Hermon,Boice,hboiceac@vinaora.com,8/5/1996
374,Marline,Golde,mgoldead@shinystat.com,10/2/1969
375,Ginger,Diaper,gdiaperae@intel.com,12/2/1999
376,Heda,Westoll,hwestollaf@thetimes.co.uk,8/9/1955
377,Chaddy,Goodacre,cgoodacreag@ycombinator.com,8/8/1973
378,Sanford,Mosby,smosbyah@gnu.org,8/24/1989
379,Phedra,Heffron,pheffronai@dot.gov,1/19/1967
380,Gerry,Meredith,gmeredithaj@nydailynews.com,5/10/1964
381,Drucie,Zanini,dzaniniak@yahoo.co.jp,2/22/1999
382,Engracia,Ciccottio,eciccottioal@pcworld.com,8/17/1982
383,Durante,Hullett,dhullettam@hostgator.com,1/20/1984
384,Albrecht,Allicock,aallicockan@indiegogo.com,8/4/1980
385,Homer,Isakov,hisakovao@netscape.com,9/18/1938
386,Flory,Weond,fweondap@home.pl,3/10/1959
387,Kevyn,Wonter,kwonteraq@google.it,2/16/1967
388,Gena,Bautiste,gbautistear@rambler.ru,12/19/1965
389,Suzanne,Culshaw,sculshawas@trellian.com,4/4/1975
390,Gawain,Pott,gpottat@sphinn.com,10/18/1993
391,Nolly,Merioth,nmeriothau@domainmarket.com,12/4/1952
392,Waylin,Pittham,wpitthamav@tiny.cc,5/7/1945
393,Manon,McMahon,mmcmahonaw@miitbeian.gov.cn,4/28/1995
394,Herschel,Longland,hlonglandax@google.com,12/5/1988
395,Alissa,Runacres,arunacresay@netvibes.com,2/14/2001
396,Marin,Koschke,mkoschkeaz@quantcast.com,1/30/1968
397,Anna-diane,Creeboe,acreeboeb0@clickbank.net,12/9/1982
398,Terrill,Pendered,tpenderedb1@dedecms.com,12/6/1942
399,Cathe,Del Dello,cdeldellob2@blogspot.com,12/17/1955
400,Kristin,Cocke,kcockeb3@nydailynews.com,5/12/1956
401,Katie,Binyon,kbinyonb4@de.vu,11/18/1981
402,Daryl,Setchell,dsetchellb5@cbslocal.com,2/25/1992
403,Alejandro,Misselbrook,amisselbrookb6@usnews.com,11/21/1985
404,Griz,Linstead,glinsteadb7@wufoo.com,11/7/1987
405,Leandra,Minchindon,lminchindonb8@usgs.gov,7/12/1946
406,Yule,Pratley,ypratleyb9@liveinternet.ru,10/10/1983
407,Lainey,Grumble,lgrumbleba@pcworld.com,3/6/1939
408,Penni,Rodrigues,prodriguesbb@cbslocal.com,7/30/1938
409,Stacy,Covolini,scovolinibc@utexas.edu,10/23/1994
410,Fredek,Diamond,fdiamondbd@upenn.edu,6/3/1976
411,Maribeth,Cree,mcreebe@wikia.com,2/1/1936
412,Antonietta,Postance,apostancebf@liveinternet.ru,7/14/1953
413,Donall,Velden,dveldenbg@lycos.com,8/2/1963
414,Jobyna,Carrol,jcarrolbh@163.com,1/4/1984
415,Junia,Cadwaladr,jcadwaladrbi@prweb.com,12/14/1966
416,Erich,Bridywater,ebridywaterbj@bbb.org,7/4/1996
417,Marcello,Petchell,mpetchellbk@flavors.me,12/8/1992
418,Cordy,Pervoe,cpervoebl@arizona.edu,3/13/1958
419,Rowen,Jell,rjellbm@google.ru,11/12/1970
420,Lucienne,MacKaile,lmackailebn@privacy.gov.au,9/16/1938
421,Lanni,Domone,ldomonebo@soundcloud.com,12/17/1936
422,Turner,Lynett,tlynettbp@newyorker.com,11/11/1984
423,Pennie,Luckman,pluckmanbq@illinois.edu,7/15/1993
424,Gwen,Agar,gagarbr@statcounter.com,2/9/1976
425,Adan,Lethlay,alethlaybs@mac.com,12/27/1951
426,Heall,Posten,hpostenbt@netlog.com,6/16/1974
427,Pansie,Jeanet,pjeanetbu@themeforest.net,5/1/1983
428,Sheilakathryn,Tomaskov,stomaskovbv@chron.com,6/28/1957
429,Alwin,Iacobini,aiacobinibw@networksolutions.com,6/17/1954
430,Caroljean,Mounce,cmouncebx@google.fr,12/19/1965
431,Alvira,Pergens,apergensby@pagesperso-orange.fr,5/5/1958
432,Ruthy,Proschek,rproschekbz@xing.com,5/8/1942
433,Roselin,Muggach,rmuggachc0@blogs.com,12/11/1956
434,Aggie,Chappelow,achappelowc1@loc.gov,9/14/1938
435,Nikki,Jonah,njonahc2@goo.gl,3/25/1986
436,Jannelle,Crommett,jcrommettc3@arstechnica.com,12/20/1946
437,Cheri,Langston,clangstonc4@macromedia.com,11/25/1998
438,Ronica,Mantripp,rmantrippc5@unblog.fr,2/26/1988
439,Damien,Ickovits,dickovitsc6@newsvine.com,3/31/1965
440,Zeb,Duxbury,zduxburyc7@biglobe.ne.jp,7/6/1955
441,Charmaine,Edelheid,cedelheidc8@ehow.com,5/21/1997
442,Myrwyn,Gamwell,mgamwellc9@ehow.com,12/6/1981
443,Georgie,Coverly,gcoverlyca@1und1.de,1/22/1999
444,Risa,Vidgeon,rvidgeoncb@businessinsider.com,8/2/1995
445,Rice,Prover,rprovercc@eventbrite.com,8/24/1995
446,Brenda,O'Growgane,bogrowganecd@dedecms.com,6/1/1965
447,Kippie,Wiltsher,kwiltsherce@oakley.com,9/22/1945
448,Valentia,Syrad,vsyradcf@usda.gov,6/11/2000
449,Alida,Ripper,arippercg@elegantthemes.com,7/28/1979
450,Agnella,Ksandra,aksandrach@techcrunch.com,4/16/1988
451,Didi,Freezor,dfreezorci@blogs.com,11/4/1965
452,Abbot,Bradbeer,abradbeercj@patch.com,11/11/1994
453,Rosene,Kneal,rknealck@kickstarter.com,3/27/1987
454,Natty,Trammel,ntrammelcl@amazon.co.jp,12/27/1937
455,Bathsheba,Sullens,bsullenscm@friendfeed.com,5/29/1963
456,Gibb,Wybrow,gwybrowcn@mayoclinic.com,7/27/1964
457,Sher,Assante,sassanteco@fc2.com,9/15/1942
458,Kira,Screwton,kscrewtoncp@cnbc.com,7/26/1971
459,Bone,MacColl,bmaccollcq@macromedia.com,9/11/1974
460,Bartolomeo,MacAlpyne,bmacalpynecr@php.net,8/29/1937
461,Tori,Slocom,tslocomcs@t.co,1/30/2001
462,Levi,Ommundsen,lommundsenct@google.ca,10/2/1948
463,Sadye,MacKey,smackeycu@cpanel.net,2/26/1998
464,Nickie,Tribell,ntribellcv@google.ca,1/14/1942
465,Gayelord,Guillet,gguilletcw@posterous.com,9/5/1964
466,Amberly,Gifford,agiffordcx@etsy.com,7/4/1969
467,Joletta,Hallam,jhallamcy@springer.com,9/1/1935
468,Merrilee,Westcar,mwestcarcz@bing.com,2/3/1980
469,Jamil,Baine,jbained0@state.gov,6/26/1991
470,Kendall,Ankers,kankersd1@apache.org,2/2/1966
471,Omero,Wudeland,owudelandd2@xrea.com,7/13/1995
472,Cleve,O'Hear,coheard3@mtv.com,10/16/1982
473,Abbye,Guyan,aguyand4@skype.com,10/5/1946
474,Elena,Schwandermann,eschwandermannd5@walmart.com,3/5/1969
475,Kat,Fritchly,kfritchlyd6@t.co,5/4/1938
476,Emiline,Schuck,eschuckd7@usatoday.com,1/17/1977
477,Cedric,Dearnaley,cdearnaleyd8@bluehost.com,9/29/1988
478,Kit,Crews,kcrewsd9@google.co.uk,9/27/1975
479,Rivy,Skaid,rskaidda@nyu.edu,10/3/1941
480,Ambrosius,Camis,acamisdb@g.co,3/1/1988
481,Noe,Skullet,nskulletdc@pagesperso-orange.fr,3/15/1960
482,Janis,Mabbot,jmabbotdd@unesco.org,8/21/1997
483,Stearne,Cocksedge,scocksedgede@nih.gov,7/24/1983
484,Ruperta,Sinnie,rsinniedf@discuz.net,11/17/1945
485,Portie,Savary,psavarydg@amazon.com,5/20/1999
486,Lurette,Ambrozewicz,lambrozewiczdh@yahoo.co.jp,1/19/2001
487,Flor,McNeice,fmcneicedi@about.com,12/18/1985
488,Scot,Popham,spophamdj@pagesperso-orange.fr,1/8/2000
489,Nanci,Vannikov,nvannikovdk@oaic.gov.au,12/22/1983
490,Belvia,Rossander,brossanderdl@archive.org,6/26/1998
491,Launce,Laming,llamingdm@google.it,1/23/1982
492,Veradis,Scrooby,vscroobydn@google.com.br,11/9/1937
493,Chrystal,Fallens,cfallensdo@geocities.com,5/26/2000
494,Lory,Ikins,likinsdp@4shared.com,6/17/1954
495,Magnum,Clifton,mcliftondq@spotify.com,11/11/1941
496,Rosalyn,Justis,rjustisdr@examiner.com,10/20/1964
497,Robers,Wippermann,rwippermannds@desdev.cn,6/9/1968
498,Fin,Seiffert,fseiffertdt@discuz.net,8/13/1957
499,Gherardo,Vonasek,gvonasekdu@nba.com,11/29/1947
500,Lyle,Emloch,lemlochdv@uiuc.edu,9/7/1963
501,Devonne,Pilger,dpilgerdw@nationalgeographic.com,3/5/1936
502,Starla,Skyner,sskynerdx@t-online.de,10/13/1989
503,Arv,Clowsley,aclowsleydy@dailymotion.com,5/18/1999
504,Bobbie,Larver,blarverdz@tinypic.com,1/2/1996
505,Birdie,McCrory,bmccrorye0@typepad.com,2/25/1961
506,Sandye,Sothcott,ssothcotte1@businessweek.com,4/9/1981
507,Clea,O'Hone,cohonee2@ox.ac.uk,8/27/1981
508,Chet,Pyford,cpyforde3@skyrock.com,10/20/1975
509,Barbaraanne,Lombard,blombarde4@mit.edu,1/6/1980
510,Mychal,Janca,mjancae5@reuters.com,6/11/1937
511,Shanna,Schofield,sschofielde6@rediff.com,4/25/1979
512,Nessi,Piotr,npiotre7@un.org,6/15/1989
513,Lyssa,Niessen,lniessene8@nytimes.com,6/21/1957
514,Lindy,Pilfold,lpilfolde9@unc.edu,10/3/1993
515,Wyatt,Winsley,wwinsleyea@omniture.com,3/4/1968
516,Dell,Feldbrin,dfeldbrineb@phpbb.com,6/28/1972
517,Hammad,MacLeese,hmacleeseec@i2i.jp,8/11/1990
518,Maxy,Berthome,mberthomeed@samsung.com,12/25/1985
519,Davon,Dehm,ddehmee@typepad.com,1/17/1935
520,Ingemar,Filippi,ifilippief@wufoo.com,1/1/1993
521,Lydie,Hundy,lhundyeg@wiley.com,8/12/1946
522,Sybilla,Dives,sdiveseh@cyberchimps.com,1/31/1962
523,Lettie,Seville,lsevilleei@boston.com,2/22/1945
524,Sergeant,Carah,scarahej@google.ca,1/23/1995
525,Riane,Isoldi,risoldiek@taobao.com,7/6/1947
526,Tiphanie,Hesey,theseyel@tinyurl.com,9/18/1945
527,Lynda,Gantz,lgantzem@spiegel.de,3/10/1994
528,Margarette,Wilkison,mwilkisonen@bloomberg.com,1/14/1943
529,Caye,McDaid,cmcdaideo@live.com,8/5/1939
530,Natale,Heathcoat,nheathcoatep@dell.com,6/5/1939
531,Gilly,Curee,gcureeeq@redcross.org,12/7/1987
532,Amargo,Rainon,arainoner@patch.com,2/14/1989
533,Janos,Back,jbackes@bloglines.com,2/12/1999
534,Winni,Bianco,wbiancoet@hostgator.com,3/8/1972
535,Ernestine,Kreuzer,ekreuzereu@twitpic.com,12/25/1992
536,Pearce,Hinchcliffe,phinchcliffeev@vimeo.com,2/24/1979
537,Tabb,Ghiraldi,tghiraldiew@jimdo.com,11/21/1991
538,Evaleen,Chick,echickex@shutterfly.com,8/29/1965
539,Philbert,Rawsen,prawseney@zdnet.com,4/7/1958
540,Christa,Measor,cmeasorez@homestead.com,9/7/1953
541,Tonie,Tooby,ttoobyf0@mtv.com,5/21/1968
542,Pandora,Barkess,pbarkessf1@wp.com,6/18/1969
543,Inga,Matton,imattonf2@mapquest.com,3/19/1975
544,Ruperto,Toman,rtomanf3@wordpress.com,5/6/1963
545,Bern,Stump,bstumpf4@ow.ly,11/28/1975
546,Fonsie,McWilliam,fmcwilliamf5@si.edu,2/27/2001
547,Grady,Episcopi,gepiscopif6@tamu.edu,10/11/1942
548,Rani,Rathmell,rrathmellf7@squarespace.com,3/10/1980
549,Ber,Valadez,bvaladezf8@google.it,10/3/1976
550,Mitchell,Mault,mmaultf9@shinystat.com,3/17/1995
551,Luella,Forde,lfordefa@theatlantic.com,11/1/1989
552,Marline,Fyall,mfyallfb@telegraph.co.uk,8/14/1987
553,Cleavland,Taig,ctaigfc@bravesites.com,3/19/1965
554,Malachi,Fellona,mfellonafd@liveinternet.ru,7/21/1998
555,Selie,Tiffin,stiffinfe@globo.com,6/15/1962
556,Tome,Johanssen,tjohanssenff@acquirethisname.com,1/7/1962
557,Sigvard,Kubik,skubikfg@mit.edu,12/18/1987
558,Giles,Learmount,glearmountfh@goo.gl,6/27/1960
559,Haze,Rickert,hrickertfi@usda.gov,5/19/1935
560,Mabelle,Montez,mmontezfj@oracle.com,4/19/1965
561,Kurtis,Aplin,kaplinfk@last.fm,7/16/1984
562,Gilberte,Bentjens,gbentjensfl@wisc.edu,10/16/1956
563,Christoph,Enrrico,cenrricofm@mlb.com,1/19/1988
564,Kimmy,Dorber,kdorberfn@businessweek.com,3/22/1984
565,Allene,Brolan,abrolanfo@csmonitor.com,8/16/1995
566,Fania,Nutter,fnutterfp@privacy.gov.au,4/19/1951
567,Magdalena,Eskrigg,meskriggfq@uiuc.edu,12/12/1996
568,Nye,Britland,nbritlandfr@telegraph.co.uk,2/12/1987
569,Dillie,Shillaker,dshillakerfs@chicagotribune.com,6/24/1969
570,Bjorn,Dight,bdightft@booking.com,9/19/1973
571,Koralle,Kier,kkierfu@technorati.com,9/16/1986
572,Piper,Dafforne,pdaffornefv@vk.com,1/7/1946
573,Zacherie,Prettyjohns,zprettyjohnsfw@webeden.co.uk,8/22/1992
574,Kristien,Joscelyne,kjoscelynefx@shareasale.com,6/12/1965
575,Carr,Entwisle,centwislefy@deviantart.com,11/24/1987
576,Arri,Tubby,atubbyfz@cloudflare.com,8/14/1980
577,Hyman,Eisikovitsh,heisikovitshg0@oakley.com,3/20/1956
578,Dalt,Figg,dfiggg1@latimes.com,5/3/1979
579,Dalton,Chasmer,dchasmerg2@mit.edu,8/17/1993
580,Gibby,Adelberg,gadelbergg3@issuu.com,12/30/1967
581,Rebeka,Pridham,rpridhamg4@e-recht24.de,10/15/2000
582,Pasquale,Hussell,phussellg5@virginia.edu,10/17/1959
583,Dennis,Pover,dpoverg6@reverbnation.com,3/12/1941
584,Ervin,Arsnell,earsnellg7@amazon.de,11/9/1994
585,Letitia,Locock,llocockg8@foxnews.com,2/1/1971
586,Webster,Caistor,wcaistorg9@forbes.com,4/14/1986
587,Bay,Forman,bformanga@nydailynews.com,11/23/1936
588,Rasla,Kremer,rkremergb@usgs.gov,3/4/1942
589,Sidonia,Niesing,sniesinggc@icio.us,11/20/1954
590,Hubey,Jenner,hjennergd@goo.ne.jp,1/23/1962
591,Minerva,Antrobus,mantrobusge@symantec.com,12/1/1958
592,Kim,Linforth,klinforthgf@ehow.com,1/4/1943
593,Merrill,Neville,mnevillegg@xrea.com,2/3/1979
594,Elise,Wife,ewifegh@eventbrite.com,4/28/1986
595,Keelia,Matterson,kmattersongi@dedecms.com,8/15/1972
596,Karolina,Braney,kbraneygj@rakuten.co.jp,10/17/1962
597,Rab,Jeenes,rjeenesgk@fc2.com,12/12/1935
598,Chlo,Phelips,cphelipsgl@mozilla.com,1/3/1968
599,Liuka,Bellew,lbellewgm@cyberchimps.com,5/18/1984
600,Ellynn,Jasik,ejasikgn@google.nl,1/27/1983
601,Alyosha,Baird,abairdgo@fastcompany.com,12/20/1989
602,Carlynne,Drayton,cdraytongp@slideshare.net,6/28/1958
603,Shalne,Dioniso,sdionisogq@usatoday.com,6/10/1977
604,Jolee,Redmain,jredmaingr@yahoo.com,8/24/1943
605,Augie,Fley,afleygs@unicef.org,3/1/1952
606,Carly,Anthiftle,canthiftlegt@mit.edu,5/10/1959
607,Abbey,Marguerite,amargueritegu@slideshare.net,1/18/1961
608,Corry,Spurgeon,cspurgeongv@topsy.com,10/25/1961
609,Brendon,Obee,bobeegw@forbes.com,9/20/1944
610,Valeda,Sigward,vsigwardgx@si.edu,4/16/1969
611,Oralie,Fendlow,ofendlowgy@msn.com,9/23/1948
612,Brigid,Furney,bfurneygz@google.fr,4/26/1983
613,Alf,Twyning,atwyningh0@umn.edu,6/28/1963
614,Gena,Aberdalgy,gaberdalgyh1@theglobeandmail.com,8/19/1936
615,Edlin,Berford,eberfordh2@alexa.com,1/21/1939
616,Hollie,Brecken,hbreckenh3@businessinsider.com,2/17/1936
617,Bendix,Le Galle,blegalleh4@twitter.com,10/25/1990
618,Bil,Shepcutt,bshepcutth5@nyu.edu,2/20/1938
619,Tamar,Brownscombe,tbrownscombeh6@hubpages.com,12/6/1938
620,Meade,MacCracken,mmaccrackenh7@netlog.com,2/13/1981
621,Symon,Salzberger,ssalzbergerh8@icio.us,5/3/1940
622,Nona,Brittan,nbrittanh9@facebook.com,3/6/2001
623,Devland,Tizzard,dtizzardha@yelp.com,8/6/1980
624,Vi,Wingham,vwinghamhb@ucsd.edu,2/8/1966
625,Hyacinthie,Pfeffer,hpfefferhc@mlb.com,3/18/1981
626,Gale,Benham,gbenhamhd@mapquest.com,1/1/1936
627,Saunders,Slora,sslorahe@usatoday.com,12/16/1975
628,Cindee,Bremmer,cbremmerhf@xinhuanet.com,7/3/1997
629,Ellette,Catenot,ecatenothg@t-online.de,8/24/1941
630,Meghann,Lyons,mlyonshh@issuu.com,11/2/1983
631,Barry,Ickeringill,bickeringillhi@addtoany.com,1/10/1996
632,Bernardina,Spinks,bspinkshj@domainmarket.com,7/15/1937
633,Donny,Porrett,dporretthk@linkedin.com,10/25/1953
634,Lynnette,Fripps,lfrippshl@miibeian.gov.cn,1/16/1992
635,Licha,Antrim,lantrimhm@pbs.org,12/26/1934
636,Olly,Prium,opriumhn@java.com,7/30/1988
637,Merle,Sparey,mspareyho@wp.com,9/25/1979
638,Laurella,Ciotto,lciottohp@irs.gov,6/8/1997
639,Kaile,Cajkler,kcajklerhq@csmonitor.com,8/21/1982
640,Adriane,Bridywater,abridywaterhr@umich.edu,4/1/1958
641,Theodor,Gres,tgreshs@vinaora.com,5/12/1970
642,Xerxes,De Rechter,xderechterht@biglobe.ne.jp,3/23/1985
643,Bradford,Bramo,bbramohu@networkadvertising.org,11/5/1967
644,Lydia,Pozzo,lpozzohv@twitter.com,10/7/1981
645,Thea,Zamora,tzamorahw@hao123.com,9/5/1997
646,Rancell,Melsom,rmelsomhx@mit.edu,2/21/1972
647,Michelina,Tompion,mtompionhy@ameblo.jp,10/26/1996
648,Darrick,Kulvear,dkulvearhz@google.ca,5/3/1969
649,Vite,"Fancet,",vfanceti0@icio.us,5/31/1980
650,Joanie,Smith,jsmithi1@123-reg.co.uk,3/2/1961
651,Emogene,Gossage,egossagei2@cam.ac.uk,4/19/1951
652,Edgardo,Jeandillou,ejeandilloui3@hibu.com,2/11/1951
653,Redford,Cannings,rcanningsi4@go.com,8/28/1961
654,Kylynn,Schiefersten,kschiefersteni5@ovh.net,3/13/1947
655,Natasha,Kingwell,nkingwelli6@devhub.com,8/19/1997
656,Malissia,Andreazzi,mandreazzii7@infoseek.co.jp,5/19/1942
657,Kariotta,Hanford,khanfordi8@cdc.gov,9/14/1950
658,Robin,Darrigone,rdarrigonei9@rakuten.co.jp,4/19/1990
659,Stavros,Pallasch,spallaschia@dot.gov,11/4/1942
660,Mackenzie,Raunds,mraundsib@nps.gov,3/7/1982
661,Ilario,Seddon,iseddonic@arstechnica.com,11/25/1962
662,Selig,Northey,snortheyid@yandex.ru,11/16/1983
663,Cynthea,Bradbeer,cbradbeerie@yellowpages.com,10/18/1950
664,Hallsy,Obin,hobinif@stanford.edu,6/3/1942
665,Rhoda,Mordacai,rmordacaiig@tripod.com,5/9/1998
666,Essa,Lamswood,elamswoodih@tinyurl.com,4/30/1961
667,Reg,Musico,rmusicoii@arizona.edu,10/9/1974
668,Linnea,Kingdon,lkingdonij@bloglovin.com,4/27/1971
669,Tersina,Stoate,tstoateik@soundcloud.com,10/19/1973
670,Ashien,Blondel,ablondelil@bing.com,6/1/1954
671,Deeanne,Troctor,dtroctorim@posterous.com,12/26/1956
672,Ruby,Verick,rverickin@state.gov,11/22/1954
673,Eachelle,Grover,egroverio@dyndns.org,10/10/1980
674,Jonathan,Dominetti,jdominettiip@sciencedirect.com,5/18/1982
675,Symon,Dowley,sdowleyiq@qq.com,9/28/1971
676,Germain,Ferres,gferresir@live.com,4/23/1974
677,Isadora,Lerwill,ilerwillis@hatena.ne.jp,11/7/1955
678,Donavon,Filliskirk,dfilliskirkit@auda.org.au,12/24/2000
679,Todd,Cantua,tcantuaiu@typepad.com,10/14/1946
680,Lionello,Antley,lantleyiv@va.gov,12/23/1989
681,Mella,Thornally,mthornallyiw@intel.com,5/29/1979
682,Kirstyn,Orwin,korwinix@google.ru,10/16/1935
683,Ileane,Marti,imartiiy@tumblr.com,8/2/1946
684,Olivia,Feye,ofeyeiz@google.it,2/8/1957
685,Ambros,Alston,aalstonj0@nydailynews.com,4/7/2001
686,Dorette,Eldin,deldinj1@posterous.com,3/20/1942
687,Linzy,Meneghelli,lmeneghellij2@yolasite.com,7/26/1939
688,Lorettalorna,Stockill,lstockillj3@bigcartel.com,7/27/1960
689,Mohandis,Stych,mstychj4@cafepress.com,6/2/1943
690,Elissa,Lethebridge,elethebridgej5@nymag.com,2/24/1957
691,Berry,Fitzroy,bfitzroyj6@marriott.com,3/7/1961
692,Fern,Kermannes,fkermannesj7@squarespace.com,4/22/1970
693,Tymothy,Rafe,trafej8@furl.net,12/31/1976
694,Aksel,Ickov,aickovj9@uol.com.br,4/21/1952
695,Babb,Parradine,bparradineja@issuu.com,11/24/1950
696,Teodorico,Rosenstengel,trosenstengeljb@globo.com,12/17/1947
697,Genovera,Wones,gwonesjc@ft.com,10/21/1974
698,Drud,Ingon,dingonjd@meetup.com,1/12/1953
699,Patten,Stinson,pstinsonje@hud.gov,3/6/1979
700,Phillie,Megarry,pmegarryjf@apache.org,10/25/1980
701,Amalia,Martschke,amartschkejg@bluehost.com,3/22/1987
702,Carlo,Ilyushkin,cilyushkinjh@google.com.au,8/25/1980
703,Lucinda,Upton,luptonji@cisco.com,6/29/1993
704,Barny,Moynihan,bmoynihanjj@discovery.com,7/20/1993
705,Kipper,Gheraldi,kgheraldijk@ox.ac.uk,5/22/1956
706,Emlen,Bosanko,ebosankojl@twitpic.com,5/5/1982
707,Robbie,de Copeman,rdecopemanjm@godaddy.com,2/13/1938
708,Danie,Dowrey,ddowreyjn@gravatar.com,6/23/1959
709,Caitrin,Agglio,caggliojo@bigcartel.com,7/14/1972
710,Ricki,Garnham,rgarnhamjp@usgs.gov,11/26/1985
711,Sacha,Benger,sbengerjq@issuu.com,10/5/1994
712,Chantalle,Barter,cbarterjr@usatoday.com,8/2/1984
713,Merrielle,FitzGilbert,mfitzgilbertjs@nba.com,7/10/1994
714,Tyler,Rickardes,trickardesjt@icio.us,12/15/1942
715,Arvy,Ebbrell,aebbrellju@statcounter.com,3/16/1950
716,Lorne,Screase,lscreasejv@answers.com,7/1/1961
717,Dene,Robbey,drobbeyjw@digg.com,9/11/1999
718,Jaimie,Percival,jpercivaljx@qq.com,7/27/1945
719,Gail,Switzer,gswitzerjy@biblegateway.com,6/30/1935
720,Livy,Forbes,lforbesjz@nationalgeographic.com,4/6/1975
721,Kore,Romanet,kromanetk0@cnet.com,9/22/1954
722,Tuesday,Bouzek,tbouzekk1@imageshack.us,6/30/1935
723,Alard,Smitham,asmithamk2@nydailynews.com,2/4/1944
724,Sharron,Blonfield,sblonfieldk3@vkontakte.ru,2/4/1965
725,Ethelyn,Ivakhin,eivakhink4@vimeo.com,5/12/1976
726,Charyl,Manklow,cmanklowk5@wikia.com,9/28/1944
727,Wilfrid,Rideout,wrideoutk6@gravatar.com,3/9/1972
728,Susannah,Siddle,ssiddlek7@wikipedia.org,11/21/1999
729,Noah,Korb,nkorbk8@shareasale.com,8/29/1938
730,Leyla,Andrick,landrickk9@ihg.com,12/7/1971
731,Clare,Alfonsetto,calfonsettoka@thetimes.co.uk,1/10/1995
732,Sadie,Midgley,smidgleykb@army.mil,6/13/1965
733,Hewe,Firbank,hfirbankkc@blogger.com,5/27/1999
734,Bibi,Severs,bseverskd@utexas.edu,11/23/1970
735,Ruperto,Cornell,rcornellke@usa.gov,12/11/1944
736,Ransell,Ranald,rranaldkf@miibeian.gov.cn,2/14/1940
737,Belinda,Gosz,bgoszkg@tamu.edu,11/1/1998
738,Conway,Crowcroft,ccrowcroftkh@symantec.com,6/28/1982
739,Milo,Fahrenbach,mfahrenbachki@google.cn,9/10/1989
740,Ilise,Kyneton,ikynetonkj@mac.com,4/6/1956
741,Jermaine,Pond,jpondkk@umich.edu,1/11/1954
742,Dix,Tinkler,dtinklerkl@indiegogo.com,2/2/1986
743,Carma,Bartol,cbartolkm@vinaora.com,2/19/1976
744,Tremayne,Tichelaar,ttichelaarkn@unicef.org,9/25/1979
745,Igor,Downgate,idowngateko@4shared.com,1/21/1953
746,Margarethe,Sudell,msudellkp@acquirethisname.com,5/13/1950
747,Florri,Pryce,fprycekq@spiegel.de,4/29/1973
748,Tanya,Brauner,tbraunerkr@g.co,8/13/1949
749,Merrily,Mayze,mmayzeks@theglobeandmail.com,12/12/1935
750,Kori,Fisbey,kfisbeykt@amazon.co.uk,9/15/1997
751,Nelia,Webby,nwebbyku@yolasite.com,11/8/1944
752,Lulu,Leonardi,lleonardikv@acquirethisname.com,4/2/1992
753,Irena,Dyers,idyerskw@sbwire.com,6/3/1961
754,Micheline,Jukes,mjukeskx@multiply.com,9/9/1986
755,Ewell,Doram,edoramky@example.com,11/23/1943
756,Madelon,Alenin,maleninkz@cloudflare.com,12/20/1996
757,Garvey,Chaudret,gchaudretl0@baidu.com,6/26/1949
758,Reggi,Tipping,rtippingl1@discuz.net,3/16/1992
759,Catlee,Twidale,ctwidalel2@freewebs.com,8/16/1988
760,Alfredo,Moscon,amosconl3@tripadvisor.com,11/16/1959
761,Harlie,Penticost,hpenticostl4@alibaba.com,7/24/1972
762,Sammy,Gergler,sgerglerl5@multiply.com,2/26/1973
763,Erin,Kornilyev,ekornilyevl6@youku.com,10/23/1942
764,Ichabod,Leebeter,ileebeterl7@pagesperso-orange.fr,8/26/1959
765,Ambrosio,Barthorpe,abarthorpel8@phoca.cz,5/7/2000
766,Tyrus,Tate,ttatel9@godaddy.com,5/11/1946
767,Cicely,Rummery,crummeryla@fema.gov,11/4/1945
768,Janka,Vater,jvaterlb@prweb.com,5/2/1952
769,Calvin,Ginnaly,cginnalylc@flickr.com,9/25/1986
770,Cynthy,Ruddock,cruddockld@about.me,6/25/1955
771,Estele,Philcox,ephilcoxle@godaddy.com,12/20/1945
772,Libbie,Bourley,lbourleylf@nps.gov,8/19/1998
773,Maighdiln,Brunone,mbrunonelg@guardian.co.uk,4/11/1999
774,Zebulen,Roscow,zroscowlh@cafepress.com,3/17/1995
775,Stesha,Simons,ssimonsli@cornell.edu,4/21/1991
776,Ibby,Semrad,isemradlj@about.me,5/11/1957
777,Leonardo,Yorston,lyorstonlk@boston.com,5/14/1963
778,Aldrich,Checcucci,acheccuccill@wikispaces.com,6/24/1952
779,Clemmy,Harmond,charmondlm@delicious.com,5/25/1988
780,Demetris,Sterricker,dsterrickerln@e-recht24.de,8/8/1947
781,Emmet,Uc,euclo@indiatimes.com,10/21/1967
782,Perkin,Paddeley,ppaddeleylp@furl.net,4/1/1946
783,Nicko,Spondley,nspondleylq@tamu.edu,5/30/1980
784,Corri,Hesey,cheseylr@loc.gov,12/3/1992
785,Bennett,Schulz,bschulzls@noaa.gov,3/3/1972
786,Jania,Khrishtafovich,jkhrishtafovichlt@theglobeandmail.com,1/23/1956
787,Jaquelyn,Lavalle,jlavallelu@lulu.com,3/9/1945
788,Wallache,Glencrash,wglencrashlv@youtube.com,10/13/1989
789,Jess,Prest,jprestlw@friendfeed.com,8/21/1993
790,Charmion,Gadsby,cgadsbylx@cdbaby.com,11/5/1947
791,Randi,Petch,rpetchly@flavors.me,7/20/1994
792,Arlin,Tapin,atapinlz@netvibes.com,12/18/1957
793,Orrin,Farley,ofarleym0@taobao.com,7/27/1995
794,Morgan,Peizer,mpeizerm1@bbc.co.uk,2/4/1960
795,Bartholomeus,Mandrake,bmandrakem2@shinystat.com,9/11/1966
796,Meredeth,Snazel,msnazelm3@dmoz.org,11/16/1941
797,Nedda,Noorwood,nnoorwoodm4@desdev.cn,4/16/1969
798,Ronny,Bendig,rbendigm5@nifty.com,6/26/1974
799,Ellyn,Tutchener,etutchenerm6@hugedomains.com,7/28/1959
800,Gene,Balden,gbaldenm7@samsung.com,10/28/1990
801,Neila,Gregore,ngregorem8@yellowbook.com,4/20/1998
802,Hebert,Ghiron,hghironm9@google.com.br,11/1/1952
803,Cahra,Jendas,cjendasma@nyu.edu,6/27/1963
804,Britte,Lampens,blampensmb@cmu.edu,6/22/1965
805,Sonnie,Peres,speresmc@cbslocal.com,9/20/1941
806,Pansie,Deadman,pdeadmanmd@tinyurl.com,6/9/1960
807,Christabella,Bullant,cbullantme@nifty.com,3/1/1979
808,Vernor,Radbone,vradbonemf@squarespace.com,8/18/1943
809,Adolphus,Seally,aseallymg@geocities.jp,2/26/1941
810,Mylo,Clell,mclellmh@prnewswire.com,9/14/1994
811,Bellina,Coleson,bcolesonmi@netscape.com,6/12/1954
812,Nap,McDill,nmcdillmj@youku.com,2/8/2001
813,Warden,Sends,wsendsmk@studiopress.com,8/13/1976
814,Towney,Wase,twaseml@fastcompany.com,7/9/1952
815,Stephan,Rilton,sriltonmm@google.com,6/27/1970
816,Jasmine,Quincey,jquinceymn@seesaa.net,11/3/1963
817,Farah,Flippini,fflippinimo@cornell.edu,4/16/1968
818,Omero,Gane,oganemp@imgur.com,3/28/1999
819,Miguelita,Law,mlawmq@posterous.com,5/10/1937
820,Hobey,Fearby,hfearbymr@examiner.com,11/5/1936
821,David,Novacek,dnovacekms@miitbeian.gov.cn,11/26/1938
822,Brock,Ruddiforth,bruddiforthmt@upenn.edu,9/23/1978
823,Goran,Antunes,gantunesmu@soundcloud.com,8/27/1996
824,Town,Blinkhorn,tblinkhornmv@sciencedirect.com,5/22/1985
825,Reese,Schoroder,rschorodermw@nhs.uk,7/9/1952
826,Katrine,Haskayne,khaskaynemx@1und1.de,5/13/1952
827,Bartlett,Mouland,bmoulandmy@cmu.edu,12/25/1976
828,Bordie,Clohessy,bclohessymz@wordpress.org,1/20/1976
829,Towny,Goundry,tgoundryn0@geocities.com,7/21/1993
830,Isabeau,Gosselin,igosselinn1@shinystat.com,6/11/1934
831,Pamella,Greenroad,pgreenroadn2@tuttocitta.it,5/12/1961
832,Ransom,Bloomer,rbloomern3@hp.com,12/4/1939
833,Kerianne,Kiehnlt,kkiehnltn4@domainmarket.com,3/2/1983
834,Becca,Pawlyn,bpawlynn5@springer.com,5/15/1986
835,Tomasine,Gilsthorpe,tgilsthorpen6@elpais.com,11/8/1961
836,Larisa,Grenville,lgrenvillen7@google.com.hk,6/14/1973
837,Rahel,Christin,rchristinn8@nifty.com,10/23/1986
838,Sandor,McPhelimy,smcphelimyn9@oakley.com,8/8/1965
839,Gabriello,Petyakov,gpetyakovna@altervista.org,11/13/1964
840,Forrester,Scollan,fscollannb@hp.com,1/6/1981
841,Kylynn,Ree,kreenc@illinois.edu,6/30/1970
842,Thorstein,Gotthard.sf,tgotthardsfnd@springer.com,11/4/1994
843,Roxane,Grassick,rgrassickne@com.com,3/14/1954
844,Mattias,Sauven,msauvennf@theatlantic.com,12/12/1967
845,Rebeca,Oxbrough,roxbroughng@mozilla.com,1/6/2000
846,Keri,Coomber,kcoombernh@google.fr,5/28/1953
847,Taddeo,Ortells,tortellsni@wufoo.com,8/13/1956
848,Carol-jean,Luty,clutynj@creativecommons.org,12/20/1939
849,Kaine,Yushmanov,kyushmanovnk@youku.com,2/7/1983
850,Roxana,Evamy,revamynl@printfriendly.com,2/28/1997
851,Roxana,Stanett,rstanettnm@google.de,10/24/1962
852,Roxana,Oury,rourynn@microsoft.com,10/28/1987
853,Zabrina,Jarmaine,zjarmaineno@qq.com,4/9/1982
854,Brear,Bendle,bbendlenp@netvibes.com,11/3/1937
855,Samantha,Heath,sheathnq@desdev.cn,3/1/1965
856,Olivette,Josilowski,ojosilowskinr@spiegel.de,3/18/1996
857,Florian,Manktelow,fmanktelowns@sitemeter.com,2/29/1984
858,Elaine,Buckenham,ebuckenhamnt@guardian.co.uk,11/21/1948
859,Herby,Batsford,hbatsfordnu@ask.com,11/1/1961
860,Benson,Rubertis,brubertisnv@va.gov,8/7/1939
861,Donavon,Addekin,daddekinnw@pcworld.com,4/16/1969
862,Harald,Coaker,hcoakernx@blogspot.com,8/30/1993
863,Brenn,Tydd,btyddny@shutterfly.com,6/1/1955
864,Margot,Ashness,mashnessnz@nydailynews.com,8/1/1946
865,Irwinn,Bradnick,ibradnicko0@uiuc.edu,2/3/1945
866,Alberik,Please,apleaseo1@marketwatch.com,9/30/1978
867,North,Madden,nmaddeno2@dedecms.com,12/14/1942
868,Thurstan,Woolveridge,twoolveridgeo3@nifty.com,10/31/1989
869,Dreddy,Brayfield,dbrayfieldo4@archive.org,6/30/1936
870,Cordelia,Rasper,craspero5@sphinn.com,7/14/1950
871,Dennet,Carff,dcarffo6@icq.com,1/2/1995
872,Worthington,Alenichev,walenichevo7@newyorker.com,7/7/1943
873,Peder,Augustine,paugustineo8@myspace.com,8/23/1996
874,Hollyanne,Sliney,hslineyo9@disqus.com,2/27/1938
875,Yardley,Mowne,ymowneoa@eventbrite.com,3/9/1951
876,Issy,Brabin,ibrabinob@globo.com,7/19/1962
877,Sloane,Bolwell,sbolwelloc@xinhuanet.com,3/10/1949
878,Bibbie,Worham,bworhamod@java.com,8/4/1996
879,Halette,Wickenden,hwickendenoe@patch.com,1/19/1988
880,Blake,Gethings,bgethingsof@sciencedirect.com,7/8/1982
881,Tuesday,Wait,twaitog@bloglines.com,10/24/1962
882,Tallia,Boscher,tboscheroh@wordpress.com,5/8/1958
883,Emalee,Collopy,ecollopyoi@miitbeian.gov.cn,10/21/1944
884,Patric,Daniely,pdanielyoj@friendfeed.com,11/9/1995
885,Jarvis,Frowd,jfrowdok@google.ru,1/3/1996
886,Marris,Philpotts,mphilpottsol@oracle.com,1/6/1997
887,Jena,Selesnick,jselesnickom@alexa.com,2/18/1997
888,Ingamar,Barfoot,ibarfooton@rakuten.co.jp,7/14/1987
889,Ninnetta,Boddam,nboddamoo@wiley.com,10/26/1937
890,Bay,Poolman,bpoolmanop@clickbank.net,12/13/1939
891,Cati,Sinclair,csinclairoq@devhub.com,12/25/1960
892,Kerrie,Voaden,kvoadenor@un.org,7/28/1991
893,Alison,Smithin,asmithinos@edublogs.org,4/24/1954
894,Crista,Bucher,cbucherot@alibaba.com,2/27/1989
895,Appolonia,Mouat,amouatou@wordpress.org,6/27/1941
896,Adina,Giorgio,agiorgioov@histats.com,10/1/1942
897,Raimondo,Piegrome,rpiegromeow@harvard.edu,9/19/1934
898,Obidiah,Slott,oslottox@flavors.me,9/17/1996
899,Pippy,Vitte,pvitteoy@cisco.com,10/12/1936
900,Carina,Oxlade,coxladeoz@webnode.com,4/28/1939
901,Lief,Dixie,ldixiep0@acquirethisname.com,12/5/1977
902,Myron,Fawks,mfawksp1@smh.com.au,9/5/1992
903,Niki,Oleksinski,noleksinskip2@globo.com,11/29/1937
904,Thadeus,Artingstall,tartingstallp3@va.gov,4/30/1966
905,Carolyne,Robjents,crobjentsp4@cam.ac.uk,12/28/1989
906,Danyelle,Vaillant,dvaillantp5@webeden.co.uk,6/9/1979
907,Basia,Bellingham,bbellinghamp6@icq.com,4/19/1957
908,Carr,Paszek,cpaszekp7@answers.com,12/26/1947
909,Isobel,Potes,ipotesp8@a8.net,11/8/1947
910,Gabey,Varne,gvarnep9@marriott.com,10/18/1982
911,Levi,Tabbitt,ltabbittpa@skype.com,2/5/1958
912,Misha,Shearn,mshearnpb@foxnews.com,1/30/1996
913,Linn,Vlasov,lvlasovpc@ycombinator.com,6/22/1936
914,Alina,Arundel,aarundelpd@mlb.com,8/29/1979
915,Prudence,Gallardo,pgallardope@examiner.com,9/14/1937
916,Wanids,Kolakovic,wkolakovicpf@wikipedia.org,3/22/1988
917,Annabella,Mosdell,amosdellpg@thetimes.co.uk,3/11/1970
918,Dre,De Blasi,ddeblasiph@mozilla.org,8/6/1985
919,Cordie,Trinkwon,ctrinkwonpi@ocn.ne.jp,11/16/1936
920,Marin,Harriot,mharriotpj@nsw.gov.au,2/19/1976
921,Marve,Fielder,mfielderpk@ftc.gov,7/10/1973
922,Jania,Orrell,jorrellpl@whitehouse.gov,1/14/1938
923,Odelia,Fergyson,ofergysonpm@godaddy.com,7/3/1944
924,Ileane,Cockran,icockranpn@msu.edu,8/7/1991
925,Angela,Havercroft,ahavercroftpo@jimdo.com,2/16/1998
926,Nester,De Avenell,ndeavenellpp@oracle.com,11/13/1956
927,Selena,Beckingham,sbeckinghampq@admin.ch,6/9/1945
928,Sybil,Grestye,sgrestyepr@typepad.com,1/8/1937
929,Rriocard,Trayling,rtraylingps@shop-pro.jp,11/9/1947
930,Jarid,McPhilemy,jmcphilemypt@privacy.gov.au,3/11/1954
931,Neron,Legh,nleghpu@nydailynews.com,3/16/1962
932,Micky,Gritten,mgrittenpv@chronoengine.com,12/9/1960
933,Deidre,Armes,darmespw@yelp.com,7/23/1938
934,Toddie,Morgan,tmorganpx@diigo.com,9/27/1937
935,Frederigo,Marchiso,fmarchisopy@auda.org.au,7/12/1989
936,Arin,Gilroy,agilroypz@slashdot.org,3/22/1968
937,Hastings,Dunbavin,hdunbavinq0@csmonitor.com,10/20/1948
938,Hilly,Kirkam,hkirkamq1@csmonitor.com,3/2/1991
939,Nickey,Mark,nmarkq2@flickr.com,2/6/1995
940,Dotti,Cuttler,dcuttlerq3@latimes.com,2/23/1949
941,Armin,Hellen,ahellenq4@irs.gov,11/28/1972
942,Emelyne,Grodden,egroddenq5@blog.com,2/28/1938
943,Jozef,Cloughton,jcloughtonq6@mit.edu,9/22/1976
944,Tiphany,Stoneman,tstonemanq7@reddit.com,9/11/1975
945,Shanan,Amoss,samossq8@vistaprint.com,10/17/1995
946,Westleigh,Cornbell,wcornbellq9@virginia.edu,12/20/1950
947,Aland,Cuffe,acuffeqa@youtube.com,10/21/1965
948,Erroll,Abeau,eabeauqb@dailymail.co.uk,5/18/1938
949,Henry,Vescovini,hvescoviniqc@cdc.gov,8/27/1968
950,Meade,Skull,mskullqd@hibu.com,1/16/1936
951,Bonnibelle,Sidle,bsidleqe@shareasale.com,5/15/1978
952,Kirsteni,Haldene,khaldeneqf@dedecms.com,1/1/1981
953,Ringo,Huxstep,rhuxstepqg@umn.edu,3/5/1956
954,Karlan,Varne,kvarneqh@fda.gov,9/25/1968
955,Grier,Enoch,genochqi@mapy.cz,9/6/1947
956,Westbrooke,Esom,wesomqj@apple.com,4/29/1964
957,Konstantin,Blethyn,kblethynqk@amazonaws.com,6/29/1957
958,Glen,Cucinotta,gcucinottaql@miibeian.gov.cn,11/4/1970
959,Terri,Jarrel,tjarrelqm@ning.com,6/8/1939
960,Janie,Margeram,jmargeramqn@amazon.de,9/8/1948
961,Rodd,Danbi,rdanbiqo@gmpg.org,9/9/1984
962,Morley,Kerfut,mkerfutqp@who.int,2/1/1941
963,Joellen,Jordi,jjordiqq@photobucket.com,12/17/1934
964,Dur,Songust,dsongustqr@ox.ac.uk,9/13/1987
965,Sterling,McSweeney,smcsweeneyqs@geocities.com,4/19/1975
966,Sheela,MacGibbon,smacgibbonqt@wikimedia.org,3/1/1948
967,Aurilia,Pipping,apippingqu@sourceforge.net,12/2/1944
968,Jillian,Lindsley,jlindsleyqv@ovh.net,4/26/1964
969,Madelina,Sollam,msollamqw@shareasale.com,7/1/1963
970,Park,Dubery,pduberyqx@usgs.gov,9/7/1982
971,Licha,MacAlpyne,lmacalpyneqy@sun.com,6/19/1988
972,Sibyl,O'Bruen,sobruenqz@mashable.com,5/7/1972
973,Hakim,Jouannot,hjouannotr0@domainmarket.com,1/2/1986
974,Izabel,Leele,ileeler1@vistaprint.com,7/6/1961
975,Chlo,Royson,croysonr2@homestead.com,4/9/1937
976,Brennen,Strother,bstrotherr3@yellowbook.com,2/12/1965
977,Annalise,Rubinowitsch,arubinowitschr4@europa.eu,10/14/1997
978,Karina,Vaugham,kvaughamr5@howstuffworks.com,3/26/1960
979,Coraline,Groger,cgrogerr6@ask.com,6/29/1970
980,Enrika,Mathieson,emathiesonr7@mediafire.com,5/30/1964
981,Shaun,Sharer,ssharerr8@addtoany.com,3/13/1962
982,Jess,Worwood,jworwoodr9@twitpic.com,2/4/1998
983,Derward,De la Harpe,ddelaharpera@vkontakte.ru,9/5/1957
984,Carmon,Wyllie,cwyllierb@oaic.gov.au,1/2/1950
985,Sascha,Heinig,sheinigrc@dropbox.com,12/3/1938
986,Amby,Barnsdall,abarnsdallrd@1688.com,11/7/1987
987,Jillana,Culshaw,jculshawre@behance.net,2/5/1960
988,Alida,Fredson,afredsonrf@instagram.com,10/26/1942
989,Emelda,Meynell,emeynellrg@zimbio.com,11/29/1966
990,Estrella,Klulisek,eklulisekrh@digg.com,4/2/1961
991,Clive,Dodsworth,cdodsworthri@slate.com,10/28/1974
992,Arlan,Currum,acurrumrj@jimdo.com,4/22/1975
993,Andros,Caller,acallerrk@fc2.com,3/23/1953
994,Alyssa,Ahrenius,aahreniusrl@samsung.com,6/5/1985
995,Caroline,Clissett,cclissettrm@chron.com,10/15/1976
996,Daloris,Florey,dfloreyrn@wikimedia.org,4/12/1982
997,Shela,Jarville,sjarvillero@360.cn,2/17/1998
998,Mala,Fredson,mfredsonrp@samsung.com,7/11/1934
999,Sena,Stump,sstumprq@tinyurl.com,5/22/1952
1000,Issy,Portingale,iportingalerr@mail.ru,11/30/1983
